email,message
krumplifej@citromail.hu,A rendelése függő állapotba került. Hamarosan értesítjük a szállítás időpontjáról.
kisspal@citromail.hu,A rendelése függő állapotba került. Hamarosan értesítjük a szállítás időpontjáról.
szputnyik@fidesz.gov,A rendelése függő állapotba került. Hamarosan értesítjük a szállítás időpontjáról.
kovacs7@merchant.org,A rendelése függő állapotba került. Hamarosan értesítjük a szállítás időpontjáról.
eva2001@fidesz.gov,A rendelése függő állapotba került. Hamarosan értesítjük a szállítás időpontjáról.
nagyatilla@fidesz.gov,A rendelése függő állapotba került. Hamarosan értesítjük a szállítás időpontjáról.
zoltantoth@fidesz.gov,A rendelése függő állapotba került. Hamarosan értesítjük a szállítás időpontjáról.
kisspal@gmail.com,A rendelése függő állapotba került. Hamarosan értesítjük a szállítás időpontjáról.
nagyatilla@freemail.hu,A rendelése függő állapotba került. Hamarosan értesítjük a szállítás időpontjáról.
krumplifej@merchant.org,A rendelése függő állapotba került. Hamarosan értesítjük a szállítás időpontjáról.
kovacs7@merchant.org,A rendelése függő állapotba került. Hamarosan értesítjük a szállítás időpontjáról.
zoltantoth@fidesz.gov,A rendelése függő állapotba került. Hamarosan értesítjük a szállítás időpontjáról.
kisspal@merchant.org,A rendelése függő állapotba került. Hamarosan értesítjük a szállítás időpontjáról.
kovacs7@freemail.hu,A rendelése függő állapotba került. Hamarosan értesítjük a szállítás időpontjáról.
fagylaltos@gmail.com,A rendelése függő állapotba került. Hamarosan értesítjük a szállítás időpontjáról.
eva2001@merchant.org,A rendelése függő állapotba került. Hamarosan értesítjük a szállítás időpontjáról.
kovacs7@golden.com,A rendelése függő állapotba került. Hamarosan értesítjük a szállítás időpontjáról.
kisspal@freemail.hu,A rendelése függő állapotba került. Hamarosan értesítjük a szállítás időpontjáról.
kisspal@merchant.org,A rendelése függő állapotba került. Hamarosan értesítjük a szállítás időpontjáról.
krumplifej@gmail.com,A rendelése függő állapotba került. Hamarosan értesítjük a szállítás időpontjáról.
eva2001@merchant.org,A rendelése függő állapotba került. Hamarosan értesítjük a szállítás időpontjáról.
szputnyik@golden.com,A rendelése függő állapotba került. Hamarosan értesítjük a szállítás időpontjáról.
szputnyik@fidesz.gov,A rendelése függő állapotba került. Hamarosan értesítjük a szállítás időpontjáról.
zoltantoth@citromail.hu,A rendelése függő állapotba került. Hamarosan értesítjük a szállítás időpontjáról.
kisspal@golden.com,A rendelése függő állapotba került. Hamarosan értesítjük a szállítás időpontjáról.
kisspal@freemail.hu,A rendelése függő állapotba került. Hamarosan értesítjük a szállítás időpontjáról.
nagyatilla@fidesz.gov,A rendelése függő állapotba került. Hamarosan értesítjük a szállítás időpontjáról.
eva2001@freemail.hu,A rendelése függő állapotba került. Hamarosan értesítjük a szállítás időpontjáról.
eva2001@citromail.hu,A rendelése függő állapotba került. Hamarosan értesítjük a szállítás időpontjáról.
majoros@fidesz.gov,A rendelése függő állapotba került. Hamarosan értesítjük a szállítás időpontjáról.
majoros@freemail.hu,A rendelése függő állapotba került. Hamarosan értesítjük a szállítás időpontjáról.
krumplifej@merchant.org,A rendelése függő állapotba került. Hamarosan értesítjük a szállítás időpontjáról.
eva2001@merchant.org,A rendelése függő állapotba került. Hamarosan értesítjük a szállítás időpontjáról.
kisspal@freemail.hu,A rendelése függő állapotba került. Hamarosan értesítjük a szállítás időpontjáról.
fagylaltos@fidesz.gov,A rendelése függő állapotba került. Hamarosan értesítjük a szállítás időpontjáról.
kovacs7@freemail.hu,A rendelése függő állapotba került. Hamarosan értesítjük a szállítás időpontjáról.
nagyatilla@merchant.org,A rendelése függő állapotba került. Hamarosan értesítjük a szállítás időpontjáról.
nagyatilla@freemail.hu,A rendelése függő állapotba került. Hamarosan értesítjük a szállítás időpontjáról.
fagylaltos@gmail.com,A rendelése függő állapotba került. Hamarosan értesítjük a szállítás időpontjáról.
eva2001@golden.com,A rendelése függő állapotba került. Hamarosan értesítjük a szállítás időpontjáról.
majoros@fidesz.gov,A rendelése függő állapotba került. Hamarosan értesítjük a szállítás időpontjáról.
majoros@freemail.hu,A rendelése függő állapotba került. Hamarosan értesítjük a szállítás időpontjáról.
eva2001@fidesz.gov,A rendelése függő állapotba került. Hamarosan értesítjük a szállítás időpontjáról.
majoros@golden.com,A rendelése függő állapotba került. Hamarosan értesítjük a szállítás időpontjáról.
szputnyik@citromail.hu,A rendelése függő állapotba került. Hamarosan értesítjük a szállítás időpontjáról.
nagyatilla@freemail.hu,A rendelése függő állapotba került. Hamarosan értesítjük a szállítás időpontjáról.
krumplifej@merchant.org,A rendelése függő állapotba került. Hamarosan értesítjük a szállítás időpontjáról.
kovacs7@freemail.hu,A rendelése függő állapotba került. Hamarosan értesítjük a szállítás időpontjáról.
kisspal@citromail.hu,A rendelése függő állapotba került. Hamarosan értesítjük a szállítás időpontjáról.
szputnyik@gmail.com,A rendelése függő állapotba került. Hamarosan értesítjük a szállítás időpontjáról.
kovacs7@golden.com,A rendelése függő állapotba került. Hamarosan értesítjük a szállítás időpontjáról.
fagylaltos@freemail.hu,A rendelése függő állapotba került. Hamarosan értesítjük a szállítás időpontjáról.
erikaszep@merchant.org,A rendelése függő állapotba került. Hamarosan értesítjük a szállítás időpontjáról.
majoros@citromail.hu,A rendelése függő állapotba került. Hamarosan értesítjük a szállítás időpontjáról.
eva2001@fidesz.gov,A rendelése függő állapotba került. Hamarosan értesítjük a szállítás időpontjáról.
zoltantoth@citromail.hu,A rendelése függő állapotba került. Hamarosan értesítjük a szállítás időpontjáról.
krumplifej@gmail.com,A rendelése függő állapotba került. Hamarosan értesítjük a szállítás időpontjáról.
eva2001@freemail.hu,A rendelése függő állapotba került. Hamarosan értesítjük a szállítás időpontjáról.
kisspal@gmail.com,A rendelése függő állapotba került. Hamarosan értesítjük a szállítás időpontjáról.
eva2001@merchant.org,A rendelése függő állapotba került. Hamarosan értesítjük a szállítás időpontjáról.
nagyatilla@gmail.com,A rendelése függő állapotba került. Hamarosan értesítjük a szállítás időpontjáról.
krumplifej@merchant.org,A rendelése függő állapotba került. Hamarosan értesítjük a szállítás időpontjáról.
nagyatilla@merchant.org,A rendelése függő állapotba került. Hamarosan értesítjük a szállítás időpontjáról.
kisspal@merchant.org,A rendelése függő állapotba került. Hamarosan értesítjük a szállítás időpontjáról.
fagylaltos@gmail.com,A rendelése függő állapotba került. Hamarosan értesítjük a szállítás időpontjáról.
nagyatilla@fidesz.gov,A rendelése függő állapotba került. Hamarosan értesítjük a szállítás időpontjáról.
eva2001@citromail.hu,A rendelése függő állapotba került. Hamarosan értesítjük a szállítás időpontjáról.
nagyatilla@fidesz.gov,A rendelése függő állapotba került. Hamarosan értesítjük a szállítás időpontjáról.
kisspal@citromail.hu,A rendelése függő állapotba került. Hamarosan értesítjük a szállítás időpontjáról.
zoltantoth@freemail.hu,A rendelése függő állapotba került. Hamarosan értesítjük a szállítás időpontjáról.
krumplifej@fidesz.gov,A rendelése függő állapotba került. Hamarosan értesítjük a szállítás időpontjáról.
krumplifej@gmail.com,A rendelése függő állapotba került. Hamarosan értesítjük a szállítás időpontjáról.
fagylaltos@fidesz.gov,A rendelése függő állapotba került. Hamarosan értesítjük a szállítás időpontjáról.
erikaszep@citromail.hu,A rendelése függő állapotba került. Hamarosan értesítjük a szállítás időpontjáról.
szputnyik@gmail.com,A rendelése függő állapotba került. Hamarosan értesítjük a szállítás időpontjáról.
zoltantoth@merchant.org,A rendelése függő állapotba került. Hamarosan értesítjük a szállítás időpontjáról.
fagylaltos@citromail.hu,A rendelése függő állapotba került. Hamarosan értesítjük a szállítás időpontjáról.
nagyatilla@golden.com,A rendelése függő állapotba került. Hamarosan értesítjük a szállítás időpontjáról.
fagylaltos@golden.com,A rendelése függő állapotba került. Hamarosan értesítjük a szállítás időpontjáról.
majoros@fidesz.gov,A rendelése függő állapotba került. Hamarosan értesítjük a szállítás időpontjáról.
zoltantoth@golden.com,A rendelése függő állapotba került. Hamarosan értesítjük a szállítás időpontjáról.
eva2001@golden.com,A rendelése függő állapotba került. Hamarosan értesítjük a szállítás időpontjáról.
zoltantoth@golden.com,A rendelése függő állapotba került. Hamarosan értesítjük a szállítás időpontjáról.
erikaszep@freemail.hu,A rendelése függő állapotba került. Hamarosan értesítjük a szállítás időpontjáról.
eva2001@fidesz.gov,A rendelése függő állapotba került. Hamarosan értesítjük a szállítás időpontjáról.
erikaszep@gmail.com,A rendelése függő állapotba került. Hamarosan értesítjük a szállítás időpontjáról.
eva2001@citromail.hu,A rendelése függő állapotba került. Hamarosan értesítjük a szállítás időpontjáról.
kisspal@merchant.org,A rendelése függő állapotba került. Hamarosan értesítjük a szállítás időpontjáról.
erikaszep@freemail.hu,A rendelése függő állapotba került. Hamarosan értesítjük a szállítás időpontjáról.
kisspal@gmail.com,A rendelése függő állapotba került. Hamarosan értesítjük a szállítás időpontjáról.
szputnyik@citromail.hu,A rendelése függő állapotba került. Hamarosan értesítjük a szállítás időpontjáról.
majoros@freemail.hu,A rendelése függő állapotba került. Hamarosan értesítjük a szállítás időpontjáról.
szputnyik@merchant.org,A rendelése függő állapotba került. Hamarosan értesítjük a szállítás időpontjáról.
kisspal@citromail.hu,A rendelése függő állapotba került. Hamarosan értesítjük a szállítás időpontjáról.
majoros@citromail.hu,A rendelése függő állapotba került. Hamarosan értesítjük a szállítás időpontjáról.
majoros@merchant.org,A rendelése függő állapotba került. Hamarosan értesítjük a szállítás időpontjáról.
kisspal@gmail.com,A rendelése függő állapotba került. Hamarosan értesítjük a szállítás időpontjáról.
nagyatilla@merchant.org,A rendelése függő állapotba került. Hamarosan értesítjük a szállítás időpontjáról.
erikaszep@golden.com,A rendelése függő állapotba került. Hamarosan értesítjük a szállítás időpontjáról.
szputnyik@golden.com,A rendelése függő állapotba került. Hamarosan értesítjük a szállítás időpontjáról.
nagyatilla@golden.com,A rendelése függő állapotba került. Hamarosan értesítjük a szállítás időpontjáról.
kovacs7@fidesz.gov,A rendelése függő állapotba került. Hamarosan értesítjük a szállítás időpontjáról.
fagylaltos@gmail.com,A rendelése függő állapotba került. Hamarosan értesítjük a szállítás időpontjáról.
kisspal@fidesz.gov,A rendelése függő állapotba került. Hamarosan értesítjük a szállítás időpontjáról.
kisspal@merchant.org,A rendelése függő állapotba került. Hamarosan értesítjük a szállítás időpontjáról.
szputnyik@gmail.com,A rendelése függő állapotba került. Hamarosan értesítjük a szállítás időpontjáról.
kisspal@fidesz.gov,A rendelése függő állapotba került. Hamarosan értesítjük a szállítás időpontjáról.
majoros@citromail.hu,A rendelése függő állapotba került. Hamarosan értesítjük a szállítás időpontjáról.
kisspal@citromail.hu,A rendelése függő állapotba került. Hamarosan értesítjük a szállítás időpontjáról.
fagylaltos@freemail.hu,A rendelése függő állapotba került. Hamarosan értesítjük a szállítás időpontjáról.
krumplifej@freemail.hu,A rendelése függő állapotba került. Hamarosan értesítjük a szállítás időpontjáról.
zoltantoth@freemail.hu,A rendelése függő állapotba került. Hamarosan értesítjük a szállítás időpontjáról.
krumplifej@freemail.hu,A rendelése függő állapotba került. Hamarosan értesítjük a szállítás időpontjáról.
nagyatilla@fidesz.gov,A rendelése függő állapotba került. Hamarosan értesítjük a szállítás időpontjáról.
erikaszep@golden.com,A rendelése függő állapotba került. Hamarosan értesítjük a szállítás időpontjáról.
kisspal@gmail.com,A rendelése függő állapotba került. Hamarosan értesítjük a szállítás időpontjáról.
kisspal@fidesz.gov,A rendelése függő állapotba került. Hamarosan értesítjük a szállítás időpontjáról.
erikaszep@merchant.org,A rendelése függő állapotba került. Hamarosan értesítjük a szállítás időpontjáról.
zoltantoth@freemail.hu,A rendelése függő állapotba került. Hamarosan értesítjük a szállítás időpontjáról.
nagyatilla@freemail.hu,A rendelése függő állapotba került. Hamarosan értesítjük a szállítás időpontjáról.
